Writer Id	Approver Id	Post Date	Approved Date	Category	Content	File	Thread ID	Visit Count	Status	Is_anonymous
admin	admin	2023/3/13	2023/3/20	ajYrLaggzlrX5Ir6cxdL,6YfqEukmUOYMnAzB8rb4	Lorem Ipsum Sit Dolor	Lorem ipsum dolor sit amet, consectetur adipiscing elit. Phasellus vulputate libero in finibus laoreet. Suspendisse dignissim ultricies tortor in iaculis. Nam in nunc tellus. Vivamus vitae congue elit, vel auctor nunc. In dui risus, sodales non gravida in, ultrices sit amet mi. Ut eget quam dictum, mollis turpis eget, venenatis lectus. Aliquam auctor lectus velit, ut finibus mi pellentesque vitae. Pellentesque habitant morbi tristique senectus et netus et malesuada fames ac turpis egestas.		pd03HIB3PRNO02Y3NrgO	0	Approved	false	
carrollgigi	admin	2023/3/13	2023/3/17	XSdMR6fwKGsRt1QlZ1DD	Lorem Ipsum Sit Dolor	Lorem ipsum dolor sit amet, consectetur adipiscing elit. Phasellus vulputate libero in finibus laoreet. Suspendisse dignissim ultricies tortor in iaculis. Nam in nunc tellus. Vivamus vitae congue elit, vel auctor nunc. In dui risus, sodales non gravida in, ultrices sit amet mi. Ut eget quam dictum, mollis turpis eget, venenatis lectus. Aliquam auctor lectus velit, ut finibus mi pellentesque vitae. Pellentesque habitant morbi tristique senectus et netus et malesuada fames ac turpis egestas.		pd03HIB3PRNO02Y3NrgO	0	Approved	false	
avivatamarah	admin	2023/3/13	2023/3/16	OywGBqMB96Rrq5Ru7wdR,6YfqEukmUOYMnAzB8rb4	Lorem Ipsum Sit Dolor	Lorem ipsum dolor sit amet, consectetur adipiscing elit. Phasellus vulputate libero in finibus laoreet. Suspendisse dignissim ultricies tortor in iaculis. Nam in nunc tellus. Vivamus vitae congue elit, vel auctor nunc. In dui risus, sodales non gravida in, ultrices sit amet mi. Ut eget quam dictum, mollis turpis eget, venenatis lectus. Aliquam auctor lectus velit, ut finibus mi pellentesque vitae. Pellentesque habitant morbi tristique senectus et netus et malesuada fames ac turpis egestas.		pd03HIB3PRNO02Y3NrgO	0	Approved	false	
aerielmaureene	admin	2023/3/10	2023/3/18	roM1oVFUT1Mj4NM5v6GP,OywGBqMB96Rrq5Ru7wdR	Lorem Ipsum Sit Dolor	Lorem ipsum dolor sit amet, consectetur adipiscing elit. Phasellus vulputate libero in finibus laoreet. Suspendisse dignissim ultricies tortor in iaculis. Nam in nunc tellus. Vivamus vitae congue elit, vel auctor nunc. In dui risus, sodales non gravida in, ultrices sit amet mi. Ut eget quam dictum, mollis turpis eget, venenatis lectus. Aliquam auctor lectus velit, ut finibus mi pellentesque vitae. Pellentesque habitant morbi tristique senectus et netus et malesuada fames ac turpis egestas.		pd03HIB3PRNO02Y3NrgO	0	Approved	false	
beckierhona	admin	2023/3/15	2023/3/19	roM1oVFUT1Mj4NM5v6GP,OywGBqMB96Rrq5Ru7wdR	Lorem Ipsum Sit Dolor	Lorem ipsum dolor sit amet, consectetur adipiscing elit. Phasellus vulputate libero in finibus laoreet. Suspendisse dignissim ultricies tortor in iaculis. Nam in nunc tellus. Vivamus vitae congue elit, vel auctor nunc. In dui risus, sodales non gravida in, ultrices sit amet mi. Ut eget quam dictum, mollis turpis eget, venenatis lectus. Aliquam auctor lectus velit, ut finibus mi pellentesque vitae. Pellentesque habitant morbi tristique senectus et netus et malesuada fames ac turpis egestas.		pd03HIB3PRNO02Y3NrgO	0	Approved	false	
carlynnedelinda	admin	2023/3/14	2023/3/15	hwkBFFgklwgYmsn4HgZk	Lorem Ipsum Sit Dolor	Lorem ipsum dolor sit amet, consectetur adipiscing elit. Phasellus vulputate libero in finibus laoreet. Suspendisse dignissim ultricies tortor in iaculis. Nam in nunc tellus. Vivamus vitae congue elit, vel auctor nunc. In dui risus, sodales non gravida in, ultrices sit amet mi. Ut eget quam dictum, mollis turpis eget, venenatis lectus. Aliquam auctor lectus velit, ut finibus mi pellentesque vitae. Pellentesque habitant morbi tristique senectus et netus et malesuada fames ac turpis egestas.		pd03HIB3PRNO02Y3NrgO	0	Approved	false	
avivatamarah	admin	2023/3/15	2023/3/18	hwkBFFgklwgYmsn4HgZk	Lorem Ipsum Sit Dolor	Lorem ipsum dolor sit amet, consectetur adipiscing elit. Phasellus vulputate libero in finibus laoreet. Suspendisse dignissim ultricies tortor in iaculis. Nam in nunc tellus. Vivamus vitae congue elit, vel auctor nunc. In dui risus, sodales non gravida in, ultrices sit amet mi. Ut eget quam dictum, mollis turpis eget, venenatis lectus. Aliquam auctor lectus velit, ut finibus mi pellentesque vitae. Pellentesque habitant morbi tristique senectus et netus et malesuada fames ac turpis egestas.		pd03HIB3PRNO02Y3NrgO	0	Approved	false	
carlynnedelinda	admin	2023/3/13	2023/3/15	roM1oVFUT1Mj4NM5v6GP,6YfqEukmUOYMnAzB8rb4	Lorem Ipsum Sit Dolor	Lorem ipsum dolor sit amet, consectetur adipiscing elit. Phasellus vulputate libero in finibus laoreet. Suspendisse dignissim ultricies tortor in iaculis. Nam in nunc tellus. Vivamus vitae congue elit, vel auctor nunc. In dui risus, sodales non gravida in, ultrices sit amet mi. Ut eget quam dictum, mollis turpis eget, venenatis lectus. Aliquam auctor lectus velit, ut finibus mi pellentesque vitae. Pellentesque habitant morbi tristique senectus et netus et malesuada fames ac turpis egestas.		pd03HIB3PRNO02Y3NrgO	0	Approved	false	
carrollgigi	admin	2023/3/15	2023/3/15	XSdMR6fwKGsRt1QlZ1DD,6YfqEukmUOYMnAzB8rb4,roM1oVFUT1Mj4NM5v6GP	Lorem Ipsum Sit Dolor	Lorem ipsum dolor sit amet, consectetur adipiscing elit. Phasellus vulputate libero in finibus laoreet. Suspendisse dignissim ultricies tortor in iaculis. Nam in nunc tellus. Vivamus vitae congue elit, vel auctor nunc. In dui risus, sodales non gravida in, ultrices sit amet mi. Ut eget quam dictum, mollis turpis eget, venenatis lectus. Aliquam auctor lectus velit, ut finibus mi pellentesque vitae. Pellentesque habitant morbi tristique senectus et netus et malesuada fames ac turpis egestas.		pd03HIB3PRNO02Y3NrgO	0	Approved	false	
avivatamarah	admin	2023/3/12	2023/3/19	OywGBqMB96Rrq5Ru7wdR,hwkBFFgklwgYmsn4HgZk	Lorem Ipsum Sit Dolor	Lorem ipsum dolor sit amet, consectetur adipiscing elit. Phasellus vulputate libero in finibus laoreet. Suspendisse dignissim ultricies tortor in iaculis. Nam in nunc tellus. Vivamus vitae congue elit, vel auctor nunc. In dui risus, sodales non gravida in, ultrices sit amet mi. Ut eget quam dictum, mollis turpis eget, venenatis lectus. Aliquam auctor lectus velit, ut finibus mi pellentesque vitae. Pellentesque habitant morbi tristique senectus et netus et malesuada fames ac turpis egestas.		pd03HIB3PRNO02Y3NrgO	0	Approved	false	
avivatamarah	admin	2023/3/13	2023/3/20	OywGBqMB96Rrq5Ru7wdR,XSdMR6fwKGsRt1QlZ1DD	Lorem Ipsum Sit Dolor	Lorem ipsum dolor sit amet, consectetur adipiscing elit. Phasellus vulputate libero in finibus laoreet. Suspendisse dignissim ultricies tortor in iaculis. Nam in nunc tellus. Vivamus vitae congue elit, vel auctor nunc. In dui risus, sodales non gravida in, ultrices sit amet mi. Ut eget quam dictum, mollis turpis eget, venenatis lectus. Aliquam auctor lectus velit, ut finibus mi pellentesque vitae. Pellentesque habitant morbi tristique senectus et netus et malesuada fames ac turpis egestas.		pd03HIB3PRNO02Y3NrgO	0	Approved	false	
aerielmaureene	admin	2023/3/10	2023/3/15	6YfqEukmUOYMnAzB8rb4,OywGBqMB96Rrq5Ru7wdR,roM1oVFUT1Mj4NM5v6GP	Lorem Ipsum Sit Dolor	Lorem ipsum dolor sit amet, consectetur adipiscing elit. Phasellus vulputate libero in finibus laoreet. Suspendisse dignissim ultricies tortor in iaculis. Nam in nunc tellus. Vivamus vitae congue elit, vel auctor nunc. In dui risus, sodales non gravida in, ultrices sit amet mi. Ut eget quam dictum, mollis turpis eget, venenatis lectus. Aliquam auctor lectus velit, ut finibus mi pellentesque vitae. Pellentesque habitant morbi tristique senectus et netus et malesuada fames ac turpis egestas.		pd03HIB3PRNO02Y3NrgO	0	Approved	false	
admin	admin	2023/3/11	2023/3/20	6YfqEukmUOYMnAzB8rb4,roM1oVFUT1Mj4NM5v6GP	Lorem Ipsum Sit Dolor	Lorem ipsum dolor sit amet, consectetur adipiscing elit. Phasellus vulputate libero in finibus laoreet. Suspendisse dignissim ultricies tortor in iaculis. Nam in nunc tellus. Vivamus vitae congue elit, vel auctor nunc. In dui risus, sodales non gravida in, ultrices sit amet mi. Ut eget quam dictum, mollis turpis eget, venenatis lectus. Aliquam auctor lectus velit, ut finibus mi pellentesque vitae. Pellentesque habitant morbi tristique senectus et netus et malesuada fames ac turpis egestas.		pd03HIB3PRNO02Y3NrgO	0	Approved	false	
Writer Id	Approver Id	Post Date	Approved Date	Category	Content	File	Thread ID	Visit Count	Status	Is_anonymous
admin	admin	2023/3/13	2023/3/20	ajYrLaggzlrX5Ir6cxdL,6YfqEukmUOYMnAzB8rb4	Lorem Ipsum Sit Dolor	Lorem ipsum dolor sit amet, consectetur adipiscing elit. Phasellus vulputate libero in finibus laoreet. Suspendisse dignissim ultricies tortor in iaculis. Nam in nunc tellus. Vivamus vitae congue elit, vel auctor nunc. In dui risus, sodales non gravida in, ultrices sit amet mi. Ut eget quam dictum, mollis turpis eget, venenatis lectus. Aliquam auctor lectus velit, ut finibus mi pellentesque vitae. Pellentesque habitant morbi tristique senectus et netus et malesuada fames ac turpis egestas.		pd03HIB3PRNO02Y3NrgO	0	Approved	false	
carrollgigi	admin	2023/3/13	2023/3/17	XSdMR6fwKGsRt1QlZ1DD	Lorem Ipsum Sit Dolor	Lorem ipsum dolor sit amet, consectetur adipiscing elit. Phasellus vulputate libero in finibus laoreet. Suspendisse dignissim ultricies tortor in iaculis. Nam in nunc tellus. Vivamus vitae congue elit, vel auctor nunc. In dui risus, sodales non gravida in, ultrices sit amet mi. Ut eget quam dictum, mollis turpis eget, venenatis lectus. Aliquam auctor lectus velit, ut finibus mi pellentesque vitae. Pellentesque habitant morbi tristique senectus et netus et malesuada fames ac turpis egestas.		pd03HIB3PRNO02Y3NrgO	0	Approved	false	
avivatamarah	admin	2023/3/13	2023/3/16	OywGBqMB96Rrq5Ru7wdR,6YfqEukmUOYMnAzB8rb4	Lorem Ipsum Sit Dolor	Lorem ipsum dolor sit amet, consectetur adipiscing elit. Phasellus vulputate libero in finibus laoreet. Suspendisse dignissim ultricies tortor in iaculis. Nam in nunc tellus. Vivamus vitae congue elit, vel auctor nunc. In dui risus, sodales non gravida in, ultrices sit amet mi. Ut eget quam dictum, mollis turpis eget, venenatis lectus. Aliquam auctor lectus velit, ut finibus mi pellentesque vitae. Pellentesque habitant morbi tristique senectus et netus et malesuada fames ac turpis egestas.		pd03HIB3PRNO02Y3NrgO	0	Approved	false	
aerielmaureene	admin	2023/3/10	2023/3/18	roM1oVFUT1Mj4NM5v6GP,OywGBqMB96Rrq5Ru7wdR	Lorem Ipsum Sit Dolor	Lorem ipsum dolor sit amet, consectetur adipiscing elit. Phasellus vulputate libero in finibus laoreet. Suspendisse dignissim ultricies tortor in iaculis. Nam in nunc tellus. Vivamus vitae congue elit, vel auctor nunc. In dui risus, sodales non gravida in, ultrices sit amet mi. Ut eget quam dictum, mollis turpis eget, venenatis lectus. Aliquam auctor lectus velit, ut finibus mi pellentesque vitae. Pellentesque habitant morbi tristique senectus et netus et malesuada fames ac turpis egestas.		pd03HIB3PRNO02Y3NrgO	0	Approved	false	
beckierhona	admin	2023/3/15	2023/3/19	roM1oVFUT1Mj4NM5v6GP,OywGBqMB96Rrq5Ru7wdR	Lorem Ipsum Sit Dolor	Lorem ipsum dolor sit amet, consectetur adipiscing elit. Phasellus vulputate libero in finibus laoreet. Suspendisse dignissim ultricies tortor in iaculis. Nam in nunc tellus. Vivamus vitae congue elit, vel auctor nunc. In dui risus, sodales non gravida in, ultrices sit amet mi. Ut eget quam dictum, mollis turpis eget, venenatis lectus. Aliquam auctor lectus velit, ut finibus mi pellentesque vitae. Pellentesque habitant morbi tristique senectus et netus et malesuada fames ac turpis egestas.		pd03HIB3PRNO02Y3NrgO	0	Approved	false	
carlynnedelinda	admin	2023/3/14	2023/3/15	hwkBFFgklwgYmsn4HgZk	Lorem Ipsum Sit Dolor	Lorem ipsum dolor sit amet, consectetur adipiscing elit. Phasellus vulputate libero in finibus laoreet. Suspendisse dignissim ultricies tortor in iaculis. Nam in nunc tellus. Vivamus vitae congue elit, vel auctor nunc. In dui risus, sodales non gravida in, ultrices sit amet mi. Ut eget quam dictum, mollis turpis eget, venenatis lectus. Aliquam auctor lectus velit, ut finibus mi pellentesque vitae. Pellentesque habitant morbi tristique senectus et netus et malesuada fames ac turpis egestas.		pd03HIB3PRNO02Y3NrgO	0	Approved	false	
avivatamarah	admin	2023/3/15	2023/3/18	hwkBFFgklwgYmsn4HgZk	Lorem Ipsum Sit Dolor	Lorem ipsum dolor sit amet, consectetur adipiscing elit. Phasellus vulputate libero in finibus laoreet. Suspendisse dignissim ultricies tortor in iaculis. Nam in nunc tellus. Vivamus vitae congue elit, vel auctor nunc. In dui risus, sodales non gravida in, ultrices sit amet mi. Ut eget quam dictum, mollis turpis eget, venenatis lectus. Aliquam auctor lectus velit, ut finibus mi pellentesque vitae. Pellentesque habitant morbi tristique senectus et netus et malesuada fames ac turpis egestas.		pd03HIB3PRNO02Y3NrgO	0	Approved	false	
carlynnedelinda	admin	2023/3/13	2023/3/15	roM1oVFUT1Mj4NM5v6GP,6YfqEukmUOYMnAzB8rb4	Lorem Ipsum Sit Dolor	Lorem ipsum dolor sit amet, consectetur adipiscing elit. Phasellus vulputate libero in finibus laoreet. Suspendisse dignissim ultricies tortor in iaculis. Nam in nunc tellus. Vivamus vitae congue elit, vel auctor nunc. In dui risus, sodales non gravida in, ultrices sit amet mi. Ut eget quam dictum, mollis turpis eget, venenatis lectus. Aliquam auctor lectus velit, ut finibus mi pellentesque vitae. Pellentesque habitant morbi tristique senectus et netus et malesuada fames ac turpis egestas.		pd03HIB3PRNO02Y3NrgO	0	Approved	false	
carrollgigi	admin	2023/3/15	2023/3/15	XSdMR6fwKGsRt1QlZ1DD,6YfqEukmUOYMnAzB8rb4,roM1oVFUT1Mj4NM5v6GP	Lorem Ipsum Sit Dolor	Lorem ipsum dolor sit amet, consectetur adipiscing elit. Phasellus vulputate libero in finibus laoreet. Suspendisse dignissim ultricies tortor in iaculis. Nam in nunc tellus. Vivamus vitae congue elit, vel auctor nunc. In dui risus, sodales non gravida in, ultrices sit amet mi. Ut eget quam dictum, mollis turpis eget, venenatis lectus. Aliquam auctor lectus velit, ut finibus mi pellentesque vitae. Pellentesque habitant morbi tristique senectus et netus et malesuada fames ac turpis egestas.		pd03HIB3PRNO02Y3NrgO	0	Approved	false	
avivatamarah	admin	2023/3/12	2023/3/19	OywGBqMB96Rrq5Ru7wdR,hwkBFFgklwgYmsn4HgZk	Lorem Ipsum Sit Dolor	Lorem ipsum dolor sit amet, consectetur adipiscing elit. Phasellus vulputate libero in finibus laoreet. Suspendisse dignissim ultricies tortor in iaculis. Nam in nunc tellus. Vivamus vitae congue elit, vel auctor nunc. In dui risus, sodales non gravida in, ultrices sit amet mi. Ut eget quam dictum, mollis turpis eget, venenatis lectus. Aliquam auctor lectus velit, ut finibus mi pellentesque vitae. Pellentesque habitant morbi tristique senectus et netus et malesuada fames ac turpis egestas.		pd03HIB3PRNO02Y3NrgO	0	Approved	false	
avivatamarah	admin	2023/3/13	2023/3/20	OywGBqMB96Rrq5Ru7wdR,XSdMR6fwKGsRt1QlZ1DD	Lorem Ipsum Sit Dolor	Lorem ipsum dolor sit amet, consectetur adipiscing elit. Phasellus vulputate libero in finibus laoreet. Suspendisse dignissim ultricies tortor in iaculis. Nam in nunc tellus. Vivamus vitae congue elit, vel auctor nunc. In dui risus, sodales non gravida in, ultrices sit amet mi. Ut eget quam dictum, mollis turpis eget, venenatis lectus. Aliquam auctor lectus velit, ut finibus mi pellentesque vitae. Pellentesque habitant morbi tristique senectus et netus et malesuada fames ac turpis egestas.		pd03HIB3PRNO02Y3NrgO	0	Approved	false	
aerielmaureene	admin	2023/3/10	2023/3/15	6YfqEukmUOYMnAzB8rb4,OywGBqMB96Rrq5Ru7wdR,roM1oVFUT1Mj4NM5v6GP	Lorem Ipsum Sit Dolor	Lorem ipsum dolor sit amet, consectetur adipiscing elit. Phasellus vulputate libero in finibus laoreet. Suspendisse dignissim ultricies tortor in iaculis. Nam in nunc tellus. Vivamus vitae congue elit, vel auctor nunc. In dui risus, sodales non gravida in, ultrices sit amet mi. Ut eget quam dictum, mollis turpis eget, venenatis lectus. Aliquam auctor lectus velit, ut finibus mi pellentesque vitae. Pellentesque habitant morbi tristique senectus et netus et malesuada fames ac turpis egestas.		pd03HIB3PRNO02Y3NrgO	0	Approved	false	
admin	admin	2023/3/11	2023/3/20	6YfqEukmUOYMnAzB8rb4,roM1oVFUT1Mj4NM5v6GP	Lorem Ipsum Sit Dolor	Lorem ipsum dolor sit amet, consectetur adipiscing elit. Phasellus vulputate libero in finibus laoreet. Suspendisse dignissim ultricies tortor in iaculis. Nam in nunc tellus. Vivamus vitae congue elit, vel auctor nunc. In dui risus, sodales non gravida in, ultrices sit amet mi. Ut eget quam dictum, mollis turpis eget, venenatis lectus. Aliquam auctor lectus velit, ut finibus mi pellentesque vitae. Pellentesque habitant morbi tristique senectus et netus et malesuada fames ac turpis egestas.		pd03HIB3PRNO02Y3NrgO	0	Approved	false	
Writer Id	Approver Id	Post Date	Approved Date	Category	Content	File	Thread ID	Visit Count	Status	Is_anonymous
admin	admin	2023/3/13	2023/3/20	ajYrLaggzlrX5Ir6cxdL,6YfqEukmUOYMnAzB8rb4	Lorem Ipsum Sit Dolor	Lorem ipsum dolor sit amet, consectetur adipiscing elit. Phasellus vulputate libero in finibus laoreet. Suspendisse dignissim ultricies tortor in iaculis. Nam in nunc tellus. Vivamus vitae congue elit, vel auctor nunc. In dui risus, sodales non gravida in, ultrices sit amet mi. Ut eget quam dictum, mollis turpis eget, venenatis lectus. Aliquam auctor lectus velit, ut finibus mi pellentesque vitae. Pellentesque habitant morbi tristique senectus et netus et malesuada fames ac turpis egestas.		pd03HIB3PRNO02Y3NrgO	0	Approved	false	
carrollgigi	admin	2023/3/13	2023/3/17	XSdMR6fwKGsRt1QlZ1DD	Lorem Ipsum Sit Dolor	Lorem ipsum dolor sit amet, consectetur adipiscing elit. Phasellus vulputate libero in finibus laoreet. Suspendisse dignissim ultricies tortor in iaculis. Nam in nunc tellus. Vivamus vitae congue elit, vel auctor nunc. In dui risus, sodales non gravida in, ultrices sit amet mi. Ut eget quam dictum, mollis turpis eget, venenatis lectus. Aliquam auctor lectus velit, ut finibus mi pellentesque vitae. Pellentesque habitant morbi tristique senectus et netus et malesuada fames ac turpis egestas.		pd03HIB3PRNO02Y3NrgO	0	Approved	false	
avivatamarah	admin	2023/3/13	2023/3/16	OywGBqMB96Rrq5Ru7wdR,6YfqEukmUOYMnAzB8rb4	Lorem Ipsum Sit Dolor	Lorem ipsum dolor sit amet, consectetur adipiscing elit. Phasellus vulputate libero in finibus laoreet. Suspendisse dignissim ultricies tortor in iaculis. Nam in nunc tellus. Vivamus vitae congue elit, vel auctor nunc. In dui risus, sodales non gravida in, ultrices sit amet mi. Ut eget quam dictum, mollis turpis eget, venenatis lectus. Aliquam auctor lectus velit, ut finibus mi pellentesque vitae. Pellentesque habitant morbi tristique senectus et netus et malesuada fames ac turpis egestas.		pd03HIB3PRNO02Y3NrgO	0	Approved	false	
aerielmaureene	admin	2023/3/10	2023/3/18	roM1oVFUT1Mj4NM5v6GP,OywGBqMB96Rrq5Ru7wdR	Lorem Ipsum Sit Dolor	Lorem ipsum dolor sit amet, consectetur adipiscing elit. Phasellus vulputate libero in finibus laoreet. Suspendisse dignissim ultricies tortor in iaculis. Nam in nunc tellus. Vivamus vitae congue elit, vel auctor nunc. In dui risus, sodales non gravida in, ultrices sit amet mi. Ut eget quam dictum, mollis turpis eget, venenatis lectus. Aliquam auctor lectus velit, ut finibus mi pellentesque vitae. Pellentesque habitant morbi tristique senectus et netus et malesuada fames ac turpis egestas.		pd03HIB3PRNO02Y3NrgO	0	Approved	false	
beckierhona	admin	2023/3/15	2023/3/19	roM1oVFUT1Mj4NM5v6GP,OywGBqMB96Rrq5Ru7wdR	Lorem Ipsum Sit Dolor	Lorem ipsum dolor sit amet, consectetur adipiscing elit. Phasellus vulputate libero in finibus laoreet. Suspendisse dignissim ultricies tortor in iaculis. Nam in nunc tellus. Vivamus vitae congue elit, vel auctor nunc. In dui risus, sodales non gravida in, ultrices sit amet mi. Ut eget quam dictum, mollis turpis eget, venenatis lectus. Aliquam auctor lectus velit, ut finibus mi pellentesque vitae. Pellentesque habitant morbi tristique senectus et netus et malesuada fames ac turpis egestas.		pd03HIB3PRNO02Y3NrgO	0	Approved	false	
carlynnedelinda	admin	2023/3/14	2023/3/15	hwkBFFgklwgYmsn4HgZk	Lorem Ipsum Sit Dolor	Lorem ipsum dolor sit amet, consectetur adipiscing elit. Phasellus vulputate libero in finibus laoreet. Suspendisse dignissim ultricies tortor in iaculis. Nam in nunc tellus. Vivamus vitae congue elit, vel auctor nunc. In dui risus, sodales non gravida in, ultrices sit amet mi. Ut eget quam dictum, mollis turpis eget, venenatis lectus. Aliquam auctor lectus velit, ut finibus mi pellentesque vitae. Pellentesque habitant morbi tristique senectus et netus et malesuada fames ac turpis egestas.		pd03HIB3PRNO02Y3NrgO	0	Approved	false	
avivatamarah	admin	2023/3/15	2023/3/18	hwkBFFgklwgYmsn4HgZk	Lorem Ipsum Sit Dolor	Lorem ipsum dolor sit amet, consectetur adipiscing elit. Phasellus vulputate libero in finibus laoreet. Suspendisse dignissim ultricies tortor in iaculis. Nam in nunc tellus. Vivamus vitae congue elit, vel auctor nunc. In dui risus, sodales non gravida in, ultrices sit amet mi. Ut eget quam dictum, mollis turpis eget, venenatis lectus. Aliquam auctor lectus velit, ut finibus mi pellentesque vitae. Pellentesque habitant morbi tristique senectus et netus et malesuada fames ac turpis egestas.		pd03HIB3PRNO02Y3NrgO	0	Approved	false	
carlynnedelinda	admin	2023/3/13	2023/3/15	roM1oVFUT1Mj4NM5v6GP,6YfqEukmUOYMnAzB8rb4	Lorem Ipsum Sit Dolor	Lorem ipsum dolor sit amet, consectetur adipiscing elit. Phasellus vulputate libero in finibus laoreet. Suspendisse dignissim ultricies tortor in iaculis. Nam in nunc tellus. Vivamus vitae congue elit, vel auctor nunc. In dui risus, sodales non gravida in, ultrices sit amet mi. Ut eget quam dictum, mollis turpis eget, venenatis lectus. Aliquam auctor lectus velit, ut finibus mi pellentesque vitae. Pellentesque habitant morbi tristique senectus et netus et malesuada fames ac turpis egestas.		pd03HIB3PRNO02Y3NrgO	0	Approved	false	
carrollgigi	admin	2023/3/15	2023/3/15	XSdMR6fwKGsRt1QlZ1DD,6YfqEukmUOYMnAzB8rb4,roM1oVFUT1Mj4NM5v6GP	Lorem Ipsum Sit Dolor	Lorem ipsum dolor sit amet, consectetur adipiscing elit. Phasellus vulputate libero in finibus laoreet. Suspendisse dignissim ultricies tortor in iaculis. Nam in nunc tellus. Vivamus vitae congue elit, vel auctor nunc. In dui risus, sodales non gravida in, ultrices sit amet mi. Ut eget quam dictum, mollis turpis eget, venenatis lectus. Aliquam auctor lectus velit, ut finibus mi pellentesque vitae. Pellentesque habitant morbi tristique senectus et netus et malesuada fames ac turpis egestas.		pd03HIB3PRNO02Y3NrgO	0	Approved	false	
avivatamarah	admin	2023/3/12	2023/3/19	OywGBqMB96Rrq5Ru7wdR,hwkBFFgklwgYmsn4HgZk	Lorem Ipsum Sit Dolor	Lorem ipsum dolor sit amet, consectetur adipiscing elit. Phasellus vulputate libero in finibus laoreet. Suspendisse dignissim ultricies tortor in iaculis. Nam in nunc tellus. Vivamus vitae congue elit, vel auctor nunc. In dui risus, sodales non gravida in, ultrices sit amet mi. Ut eget quam dictum, mollis turpis eget, venenatis lectus. Aliquam auctor lectus velit, ut finibus mi pellentesque vitae. Pellentesque habitant morbi tristique senectus et netus et malesuada fames ac turpis egestas.		pd03HIB3PRNO02Y3NrgO	0	Approved	false	
avivatamarah	admin	2023/3/13	2023/3/20	OywGBqMB96Rrq5Ru7wdR,XSdMR6fwKGsRt1QlZ1DD	Lorem Ipsum Sit Dolor	Lorem ipsum dolor sit amet, consectetur adipiscing elit. Phasellus vulputate libero in finibus laoreet. Suspendisse dignissim ultricies tortor in iaculis. Nam in nunc tellus. Vivamus vitae congue elit, vel auctor nunc. In dui risus, sodales non gravida in, ultrices sit amet mi. Ut eget quam dictum, mollis turpis eget, venenatis lectus. Aliquam auctor lectus velit, ut finibus mi pellentesque vitae. Pellentesque habitant morbi tristique senectus et netus et malesuada fames ac turpis egestas.		pd03HIB3PRNO02Y3NrgO	0	Approved	false	
aerielmaureene	admin	2023/3/10	2023/3/15	6YfqEukmUOYMnAzB8rb4,OywGBqMB96Rrq5Ru7wdR,roM1oVFUT1Mj4NM5v6GP	Lorem Ipsum Sit Dolor	Lorem ipsum dolor sit amet, consectetur adipiscing elit. Phasellus vulputate libero in finibus laoreet. Suspendisse dignissim ultricies tortor in iaculis. Nam in nunc tellus. Vivamus vitae congue elit, vel auctor nunc. In dui risus, sodales non gravida in, ultrices sit amet mi. Ut eget quam dictum, mollis turpis eget, venenatis lectus. Aliquam auctor lectus velit, ut finibus mi pellentesque vitae. Pellentesque habitant morbi tristique senectus et netus et malesuada fames ac turpis egestas.		pd03HIB3PRNO02Y3NrgO	0	Approved	false	
admin	admin	2023/3/11	2023/3/20	6YfqEukmUOYMnAzB8rb4,roM1oVFUT1Mj4NM5v6GP	Lorem Ipsum Sit Dolor	Lorem ipsum dolor sit amet, consectetur adipiscing elit. Phasellus vulputate libero in finibus laoreet. Suspendisse dignissim ultricies tortor in iaculis. Nam in nunc tellus. Vivamus vitae congue elit, vel auctor nunc. In dui risus, sodales non gravida in, ultrices sit amet mi. Ut eget quam dictum, mollis turpis eget, venenatis lectus. Aliquam auctor lectus velit, ut finibus mi pellentesque vitae. Pellentesque habitant morbi tristique senectus et netus et malesuada fames ac turpis egestas.		pd03HIB3PRNO02Y3NrgO	0	Approved	false	
